,ct,el,er,t
0,0.0,0.0,0.0,1.8675529956817627
1,0.0,100.0,0.0,85.47331523895264
